{"cameraMode":{"drawMode":0,"name":"Shaded","section":"Shading Mode"},"sceneLighting":true,"audioPlay":false,"sceneViewState":{"showFog":true,"showMaterialUpdate":false,"showSkybox":false,"showFlares":true,"showImageEffects":true,"showParticleSystems":true},"in2DMode":false,"pivot":{"x":5.588768005371094,"y":-5.400440216064453,"z":3.855104446411133},"rotation":{"x":-0.09287498146295548,"y":-0.07996948808431626,"z":0.007483797147870064,"w":-0.9924452900886536},"size":29.359399795532228,"orthographic":false}