{"cameraMode":{"drawMode":0,"name":"Shaded","section":"Shading Mode"},"sceneLighting":false,"audioPlay":false,"sceneViewState":{"showFog":true,"showMaterialUpdate":false,"showSkybox":false,"showFlares":true,"showImageEffects":true,"showParticleSystems":true},"in2DMode":false,"pivot":{"x":5.730278015136719,"y":0.6466403007507324,"z":-10.626012802124024},"rotation":{"x":-0.08575084805488587,"y":-0.47617679834365847,"z":0.04672402888536453,"w":-0.8739126920700073},"size":2.3392786979675295,"orthographic":false}